Order ID,Symbol,Type,Trade Type,Entry Price,Exit Price,Quantity,PnL,Return %,Max Profit,Min Profit,Avg Profit,Avg Loss,Capital Used,Entry Time,Exit Time,Exit Reason
1,NSE:NIFTY2611325700PE,LONG,REAL,107.75,102.50,1840,-300.00,-4.87%,+0.00,-9660.00,-,-9660.00,198260,2026-01-14 08:03:42,2026-01-14 08:03:42,Hard stop loss hit
2,BSE:SENSEX2611483600PE,LONG,REAL,462.40,436.30,420,-300.00,-5.64%,+0.00,-10962.00,-,-10962.00,194208,2026-01-14 08:03:42,2026-01-14 08:03:42,Hard stop loss hit
3,NSE:NIFTY2611325700PE,LONG,REAL,102.50,104.55,1940,+3977.00,+2.00%,+7178.00,+0.00,+5577.50,-,198850,2026-01-14 08:03:42,2026-01-14 08:03:43,Drop in percentage: 1.61% drop from peak profit (3.61% → 2.00%)
4,BSE:SENSEX2611483600PE,LONG,REAL,436.30,447.65,455,+5164.25,+2.60%,+8736.00,+0.00,+6950.12,-,198516,2026-01-14 08:03:42,2026-01-14 08:03:43,Drop in percentage: 1.80% drop from peak profit (4.40% → 2.60%)
5,NSE:NIFTY2611325700PE,LONG,REAL,104.55,131.30,1900,+50825.00,+25.59%,+54055.00,+0.00,+40605.71,-,198645,2026-01-14 08:03:43,2026-01-14 08:03:43,Drop in percentage: 1.63% drop from peak profit (27.21% → 25.59%)
6,BSE:SENSEX2611483600PE,LONG,REAL,447.65,544.60,420,+40719.00,+21.66%,+43365.00,+0.00,+30084.25,-,188013,2026-01-14 08:03:43,2026-01-14 08:03:44,Drop in percentage: 1.41% drop from peak profit (23.06% → 21.66%)
7,NSE:BANKNIFTY26JAN59600PE,LONG,REAL,660.35,678.50,300,+5445.00,+2.75%,+10185.00,+0.00,+7011.67,-,198105,2026-01-14 08:03:43,2026-01-14 08:03:44,Drop in percentage: 2.39% drop from peak profit (5.14% → 2.75%)
8,NSE:NIFTY2611325700PE,LONG,REAL,131.30,137.35,1520,+9196.00,+4.61%,+14820.00,+0.00,+12464.00,-,199576,2026-01-14 08:03:43,2026-01-14 08:03:44,Drop in percentage: 2.82% drop from peak profit (7.43% → 4.61%)
9,NSE:BANKNIFTY26JAN59600PE,LONG,REAL,678.50,675.70,270,-300.00,-0.41%,+0.00,-756.00,-,-756.00,183195,2026-01-14 08:03:44,2026-01-14 08:03:44,Hard stop loss hit
10,NSE:NIFTY2611325700PE,LONG,REAL,137.35,143.95,1440,+9504.00,+4.81%,+13392.00,+0.00,+11448.00,-,197784,2026-01-14 08:03:44,2026-01-14 08:03:44,Drop in percentage: 1.97% drop from peak profit (6.77% → 4.81%)
11,BSE:SENSEX2611483600PE,LONG,REAL,544.60,555.90,350,+3955.00,+2.07%,+7000.00,+0.00,+5477.50,-,190610,2026-01-14 08:03:44,2026-01-14 08:03:44,Drop in percentage: 1.60% drop from peak profit (3.67% → 2.07%)
12,NSE:FINNIFTY26JAN27600PE,LONG,REAL,325.80,345.00,600,+11520.00,+5.89%,+14520.00,+0.00,+13520.00,-,195480,2026-01-14 08:03:44,2026-01-14 08:03:45,Drop in percentage: 1.53% drop from peak profit (7.43% → 5.89%)
13,NSE:NIFTY2611325700PE,LONG,REAL,143.95,142.40,1380,-300.00,-1.08%,+0.00,-2139.00,-,-2139.00,198650,2026-01-14 08:03:44,2026-01-14 08:03:44,Hard stop loss hit
14,BSE:SENSEX2611483600PE,LONG,REAL,555.90,554.45,350,-300.00,-0.26%,+0.00,-507.50,-,-507.50,194565,2026-01-14 08:03:44,2026-01-14 08:03:44,Hard stop loss hit
15,NSE:NIFTY2611325700PE,LONG,REAL,142.40,163.25,1400,+29190.00,+14.64%,+34300.00,+0.00,+31167.50,-,199360,2026-01-14 08:03:44,2026-01-14 08:03:45,Drop in percentage: 2.56% drop from peak profit (17.21% → 14.64%)
16,BSE:SENSEX2611483600PE,LONG,REAL,554.45,610.60,350,+19652.50,+10.13%,+23065.00,+0.00,+21538.12,-,194057,2026-01-14 08:03:44,2026-01-14 08:03:45,Drop in percentage: 1.76% drop from peak profit (11.89% → 10.13%)
17,NSE:NIFTY2611325700PE,LONG,REAL,163.25,161.30,1220,-300.00,-1.19%,+0.00,-2379.00,-,-2379.00,199165,2026-01-14 08:03:45,2026-01-14 08:03:45,Hard stop loss hit
18,BSE:SENSEX2611483600PE,LONG,REAL,610.60,608.00,315,-300.00,-0.43%,+0.00,-819.00,-,-819.00,192339,2026-01-14 08:03:45,2026-01-14 08:03:45,Hard stop loss hit
19,NSE:NIFTY2611325700PE,LONG,REAL,161.30,153.40,1220,-300.00,-4.90%,+854.00,-9638.00,+854.00,-9638.00,196786,2026-01-14 08:03:45,2026-01-14 08:03:45,Breakeven stop hit (protected capital)
20,BSE:SENSEX2611483600PE,LONG,REAL,608.00,587.55,315,-300.00,-3.36%,+315.00,-6441.75,+315.00,-6441.75,191520,2026-01-14 08:03:45,2026-01-14 08:03:45,Breakeven stop hit (protected capital)
21,NSE:FINNIFTY26JAN27600PE,LONG,REAL,345.00,329.30,575,-300.00,-4.55%,+0.00,-9027.50,-,-9027.50,198375,2026-01-14 08:03:45,2026-01-14 08:03:45,Hard stop loss hit
22,NSE:FINNIFTY26JAN27600CE,LONG,PAPER,218.90,203.70,900,-13680.00,-6.94%,+0.00,-13680.00,-,-13680.00,197010,2026-01-14 08:03:48,2026-01-14 08:03:48,Microstructure: Volume spike with price rejection
23,NSE:BANKNIFTY26JAN59600PE,LONG,PAPER,649.00,695.00,300,+13800.00,+7.09%,+17145.00,+0.00,+10243.50,-,194700,2026-01-14 08:03:48,2026-01-14 08:03:49,Drop in percentage: 1.72% drop from peak profit (8.81% → 7.09%)
24,NSE:BANKNIFTY26JAN59600CE,LONG,PAPER,452.20,449.05,420,-300.00,-0.70%,+0.00,-1323.00,-,-1323.00,189924,2026-01-14 08:03:48,2026-01-14 08:03:48,Hard stop loss hit
25,NSE:BANKNIFTY26JAN59600CE,LONG,PAPER,449.05,446.70,420,-300.00,-0.52%,+0.00,-987.00,-,-987.00,188601,2026-01-14 08:03:48,2026-01-14 08:03:48,Hard stop loss hit
26,NSE:BANKNIFTY26JAN59600CE,LONG,PAPER,446.70,439.40,420,-300.00,-1.63%,+0.00,-3066.00,-,-3066.00,187614,2026-01-14 08:03:48,2026-01-14 08:03:48,Hard stop loss hit
27,NSE:NIFTY2611325700PE,LONG,PAPER,159.05,151.75,1240,-300.00,-4.59%,+0.00,-9052.00,-,-4557.00,197222,2026-01-14 08:03:49,2026-01-14 08:03:49,Hard stop loss hit
28,NSE:NIFTY2611325700PE,LONG,PAPER,151.75,149.80,1300,-300.00,-1.29%,+1105.00,-2535.00,+1105.00,-1300.00,197275,2026-01-14 08:03:49,2026-01-14 08:03:49,Breakeven stop hit (protected capital)
29,NSE:BANKNIFTY26JAN59600PE,LONG,REAL,695.00,692.05,270,-300.00,-0.42%,+0.00,-796.50,-,-796.50,187650,2026-01-14 08:03:49,2026-01-14 08:03:49,Hard stop loss hit
30,NSE:BANKNIFTY26JAN59600PE,LONG,REAL,692.05,690.95,270,-297.00,-0.16%,+1660.50,-297.00,+1316.25,-297.00,186853,2026-01-14 08:03:49,2026-01-14 08:03:50,Breakeven stop hit (protected capital)
31,NSE:BANKNIFTY26JAN59600PE,LONG,REAL,690.95,692.00,270,+283.50,+0.15%,+3820.50,+0.00,+2686.50,-,186556,2026-01-14 08:03:50,2026-01-14 08:03:50,Drop in percentage: 1.90% drop from peak profit (2.05% → 0.15%)
32,NSE:FINNIFTY26JAN27600PE,LONG,REAL,349.30,322.70,550,-14630.00,-7.62%,+0.00,-14630.00,-,-14630.00,192115,2026-01-14 08:03:50,2026-01-14 08:03:52,Microstructure: Volume spike with price rejection
33,BSE:SENSEX2611483600PE,LONG,REAL,520.20,505.00,350,-300.00,-2.92%,+0.00,-5320.00,-,-5320.00,182070,2026-01-14 08:03:50,2026-01-14 08:03:51,Hard stop loss hit
34,NSE:BANKNIFTY26JAN59600CE,LONG,REAL,453.85,451.75,420,-300.00,-0.46%,+0.00,-882.00,-,-882.00,190617,2026-01-14 08:03:51,2026-01-14 08:03:51,Hard stop loss hit
35,NSE:NIFTY2611325700CE,LONG,REAL,44.00,41.75,4540,-300.00,-5.11%,+0.00,-10215.00,-,-10215.00,199760,2026-01-14 08:03:51,2026-01-14 08:03:51,Hard stop loss hit
36,NSE:BANKNIFTY26JAN59600CE,LONG,REAL,451.75,448.35,420,-300.00,-0.75%,+0.00,-1428.00,-,-1428.00,189735,2026-01-14 08:03:51,2026-01-14 08:03:51,Hard stop loss hit
37,NSE:NIFTY2611325700CE,LONG,PAPER,41.75,45.25,4780,+16730.00,+8.38%,+21749.00,+0.00,+19239.50,-,199565,2026-01-14 08:03:51,2026-01-14 08:03:51,Drop in percentage: 2.51% drop from peak profit (10.90% → 8.38%)
38,NSE:BANKNIFTY26JAN59600CE,LONG,PAPER,448.35,447.90,420,-189.00,-0.10%,+4347.00,-189.00,+2590.00,-189.00,188307,2026-01-14 08:03:51,2026-01-14 08:03:52,Breakeven stop hit (protected capital)
39,NSE:NIFTY2611325700CE,LONG,REAL,45.25,39.10,4400,-300.00,-13.59%,+2860.00,-27060.00,+2860.00,-27060.00,199100,2026-01-14 08:03:51,2026-01-14 08:03:51,Breakeven stop hit (protected capital)
40,NSE:BANKNIFTY26JAN59600CE,LONG,REAL,447.90,444.80,420,-300.00,-0.69%,+0.00,-1302.00,-,-1302.00,188118,2026-01-14 08:03:52,2026-01-14 08:03:52,Hard stop loss hit
41,NSE:BANKNIFTY26JAN59600CE,LONG,REAL,444.80,447.75,420,+1239.00,+0.66%,+6384.00,+0.00,+3796.80,-,186816,2026-01-14 08:03:52,2026-01-14 08:03:52,Drop in percentage: 2.75% drop from peak profit (3.42% → 0.66%)
42,NSE:FINNIFTY26JAN27600PE,LONG,PAPER,322.70,330.65,600,+4770.00,+2.46%,+8100.00,+0.00,+7822.50,-,193620,2026-01-14 08:03:52,2026-01-14 08:03:55,Drop in percentage: 1.72% drop from peak profit (4.18% → 2.46%)
43,NSE:FINNIFTY26JAN27600CE,LONG,PAPER,211.90,193.10,925,-17390.00,-8.87%,+0.00,-17390.00,-,-17390.00,196007,2026-01-14 08:03:52,2026-01-14 08:03:53,Microstructure: Volume spike with price rejection
44,NSE:BANKNIFTY26JAN59600CE,LONG,REAL,447.75,442.65,420,-300.00,-1.14%,+1848.00,-2142.00,+1848.00,-2142.00,188055,2026-01-14 08:03:52,2026-01-14 08:03:53,Breakeven stop hit (protected capital)
45,NSE:FINNIFTY26JAN27600CE,LONG,REAL,193.10,196.00,1025,+2972.50,+1.50%,+6713.75,+0.00,+2056.68,-,197927,2026-01-14 08:03:53,2026-01-14 08:03:56,Drop in percentage: 1.89% drop from peak profit (3.39% → 1.50%)
46,BSE:SENSEX2611483600PE,LONG,REAL,564.85,559.80,350,-300.00,-0.89%,+3132.50,-1767.50,+1814.17,-1767.50,197697,2026-01-14 08:03:53,2026-01-14 08:03:54,Breakeven stop hit (protected capital)
47,BSE:SENSEX2611483600PE,LONG,REAL,559.80,559.30,350,-175.00,-0.09%,+6160.00,-175.00,+4418.75,-175.00,195929,2026-01-14 08:03:54,2026-01-14 08:03:54,Breakeven stop hit (protected capital)
48,NSE:NIFTY2611325700CE,LONG,PAPER,43.00,42.50,4640,-300.00,-1.16%,+0.00,-2320.00,-,-2320.00,199520,2026-01-14 08:03:55,2026-01-14 08:03:55,Hard stop loss hit
49,NSE:NIFTY2611325700CE,LONG,REAL,42.50,39.75,4700,-300.00,-6.47%,+0.00,-12925.00,-,-12925.00,199750,2026-01-14 08:03:55,2026-01-14 08:03:55,Hard stop loss hit
50,NSE:NIFTY2611325700CE,LONG,REAL,39.75,38.60,5020,-300.00,-2.89%,+0.00,-5773.00,-,-5773.00,199545,2026-01-14 08:03:55,2026-01-14 08:03:56,Hard stop loss hit
51,NSE:NIFTY2611325700CE,LONG,REAL,38.60,39.15,5180,+2849.00,+1.42%,+11914.00,+0.00,+7381.50,-,199948,2026-01-14 08:03:56,2026-01-14 08:03:56,Drop in percentage: 4.53% drop from peak profit (5.96% → 1.42%)
52,NSE:NIFTY2611325700CE,LONG,REAL,39.15,40.55,5100,+7140.00,+3.58%,+12240.00,+0.00,+10285.00,-,199665,2026-01-14 08:03:56,2026-01-14 08:03:56,Drop in percentage: 2.55% drop from peak profit (6.13% → 3.58%)
53,BSE:SENSEX2611483600CE,LONG,REAL,267.05,261.65,735,-300.00,-2.02%,+845.25,-3969.00,+845.25,-3969.00,196281,2026-01-14 08:03:56,2026-01-14 08:03:56,Breakeven stop hit (protected capital)
54,NSE:NIFTY2611325700CE,LONG,REAL,40.55,39.65,4920,-300.00,-2.22%,+0.00,-4428.00,-,-4428.00,199506,2026-01-14 08:03:56,2026-01-14 08:03:56,Hard stop loss hit
55,BSE:SENSEX2611483600CE,LONG,REAL,261.65,258.50,735,-300.00,-1.20%,+0.00,-2315.25,-,-2315.25,192312,2026-01-14 08:03:56,2026-01-14 08:03:56,Hard stop loss hit
56,NSE:BANKNIFTY26JAN59600CE,LONG,PAPER,444.20,446.20,450,+900.00,+0.45%,+3532.50,+0.00,+2579.06,-,199890,2026-01-14 08:03:59,2026-01-14 08:04:01,Drop in percentage: 1.32% drop from peak profit (1.77% → 0.45%)
57,NSE:NIFTY2611325700CE,LONG,PAPER,38.10,38.75,5240,+3406.00,+1.71%,+5502.00,+0.00,+2947.50,-,199644,2026-01-14 08:04:00,2026-01-14 08:04:00,Drop in percentage: 1.05% drop from peak profit (2.76% → 1.71%)
58,NSE:BANKNIFTY26JAN59600CE,LONG,REAL,446.20,449.00,420,+1176.00,+0.63%,+4179.00,+0.00,+2278.50,-,187404,2026-01-14 08:04:01,2026-01-14 08:04:01,Drop in percentage: 1.60% drop from peak profit (2.23% → 0.63%)
59,NSE:BANKNIFTY26JAN59600CE,LONG,REAL,449.00,445.05,420,-300.00,-0.88%,+0.00,-1659.00,-,-1659.00,188580,2026-01-14 08:04:01,2026-01-14 08:04:01,Hard stop loss hit
60,NSE:FINNIFTY26JAN27600CE,LONG,REAL,224.00,212.80,875,-9800.00,-5.00%,+0.00,-9800.00,-,-9800.00,196000,2026-01-14 08:04:02,2026-01-14 08:04:04,Microstructure: Volume spike with price rejection
61,NSE:NIFTY2611325700CE,LONG,REAL,41.90,38.00,4760,-300.00,-9.31%,+0.00,-18564.00,-,-18564.00,199444,2026-01-14 08:04:02,2026-01-14 08:04:03,Hard stop loss hit
62,BSE:SENSEX2611483600CE,LONG,REAL,260.70,247.30,735,-300.00,-5.14%,+0.00,-9849.00,-,-9849.00,191614,2026-01-14 08:04:02,2026-01-14 08:04:03,Hard stop loss hit
63,NSE:BANKNIFTY26JAN59600CE,LONG,PAPER,466.40,459.50,420,-300.00,-1.48%,+0.00,-2898.00,-,-2898.00,195888,2026-01-14 08:04:03,2026-01-14 08:04:03,Hard stop loss hit
64,NSE:FINNIFTY26JAN27600PE,LONG,PAPER,308.40,339.00,625,+19125.00,+9.92%,+23625.00,+0.00,+11975.54,-,192750,2026-01-14 08:04:03,2026-01-14 08:04:09,Drop in percentage: 2.33% drop from peak profit (12.26% → 9.92%)
65,NSE:BANKNIFTY26JAN59600CE,LONG,PAPER,459.50,454.20,420,-300.00,-1.15%,+0.00,-2226.00,-,-2226.00,192990,2026-01-14 08:04:03,2026-01-14 08:04:03,Hard stop loss hit
66,NSE:NIFTY2611325700PE,LONG,PAPER,146.70,138.90,1360,-300.00,-5.32%,+0.00,-10608.00,-,-10608.00,199511,2026-01-14 08:04:04,2026-01-14 08:04:04,Hard stop loss hit
67,NSE:FINNIFTY26JAN27600CE,LONG,PAPER,212.80,202.00,925,-9990.00,-5.08%,+0.00,-9990.00,-,-9990.00,196840,2026-01-14 08:04:04,2026-01-14 08:04:05,Microstructure: Volume spike with price rejection
68,BSE:SENSEX2611483600PE,LONG,PAPER,545.30,543.55,350,-612.50,-0.32%,+6195.00,-612.50,+2560.00,-612.50,190854,2026-01-14 08:04:05,2026-01-14 08:04:06,Microstructure: Volume spike with price rejection
69,NSE:FINNIFTY26JAN27600CE,LONG,PAPER,202.00,202.85,975,+828.75,+0.42%,+6483.75,+0.00,+5352.75,-,196950,2026-01-14 08:04:05,2026-01-14 08:04:06,Drop in percentage: 2.87% drop from peak profit (3.29% → 0.42%)
70,NSE:NIFTY2611325700PE,LONG,REAL,150.15,165.10,1320,+19734.00,+9.96%,+25740.00,+0.00,+10571.00,-,198198,2026-01-14 08:04:08,2026-01-14 08:04:09,Drop in percentage: 3.03% drop from peak profit (12.99% → 9.96%)
71,NSE:BANKNIFTY26JAN59600PE,LONG,REAL,668.45,675.80,270,+1984.50,+1.10%,+5278.50,+0.00,+3297.37,-,180481,2026-01-14 08:04:08,2026-01-14 08:04:09,Drop in percentage: 1.83% drop from peak profit (2.92% → 1.10%)
72,NSE:FINNIFTY26JAN27600PE,LONG,REAL,339.00,327.15,575,-300.00,-3.50%,+0.00,-6813.75,-,-6813.75,194925,2026-01-14 08:04:09,2026-01-14 08:04:09,Hard stop loss hit
73,NSE:NIFTY2611325700PE,LONG,REAL,158.25,149.35,1260,-300.00,-5.62%,+0.00,-11214.00,-,-11214.00,199395,2026-01-14 08:04:09,2026-01-14 08:04:09,Hard stop loss hit
74,NSE:BANKNIFTY26JAN59600PE,LONG,REAL,675.80,668.45,270,-300.00,-1.09%,+0.00,-1984.50,-,-1984.50,182466,2026-01-14 08:04:09,2026-01-14 08:04:09,Hard stop loss hit
75,NSE:NIFTY2611325700PE,LONG,REAL,149.35,144.60,1320,-300.00,-3.18%,+0.00,-6270.00,-,-6270.00,197142,2026-01-14 08:04:09,2026-01-14 08:04:09,Hard stop loss hit
76,NSE:BANKNIFTY26JAN59600PE,LONG,PAPER,668.45,656.95,270,-3105.00,-1.72%,+0.00,-3105.00,-,-3105.00,180481,2026-01-14 08:04:09,2026-01-14 08:04:09,Microstructure: Volume spike with price rejection
77,NSE:BANKNIFTY26JAN59600PE,LONG,PAPER,675.45,673.95,270,-300.00,-0.22%,+0.00,-405.00,-,-405.00,182371,2026-01-14 08:04:11,2026-01-14 08:04:11,Hard stop loss hit
78,NSE:NIFTY2611325700PE,LONG,PAPER,154.45,153.40,1280,-300.00,-0.68%,+2624.00,-1344.00,+1408.00,-1344.00,197696,2026-01-14 08:04:11,2026-01-14 08:04:12,Breakeven stop hit (protected capital)
79,BSE:SENSEX2611483600PE,LONG,PAPER,576.35,573.40,315,-300.00,-0.51%,+0.00,-929.25,-,-929.25,181550,2026-01-14 08:04:11,2026-01-14 08:04:11,Hard stop loss hit
80,NSE:BANKNIFTY26JAN59600PE,LONG,PAPER,673.95,672.35,270,-300.00,-0.24%,+0.00,-432.00,-,-432.00,181966,2026-01-14 08:04:11,2026-01-14 08:04:12,Hard stop loss hit
81,BSE:SENSEX2611483600PE,LONG,PAPER,573.40,588.45,315,+4740.75,+2.62%,+6741.00,+0.00,+3412.50,-,180621,2026-01-14 08:04:12,2026-01-14 08:04:14,Drop in percentage: 1.11% drop from peak profit (3.73% → 2.62%)
82,NSE:BANKNIFTY26JAN59600PE,LONG,PAPER,672.35,670.00,270,-300.00,-0.35%,+0.00,-634.50,-,-337.50,181534,2026-01-14 08:04:12,2026-01-14 08:04:12,Hard stop loss hit
83,NSE:BANKNIFTY26JAN59600PE,LONG,PAPER,670.00,670.00,270,+0.00,+0.00%,+2133.00,+0.00,+1502.36,-,180900,2026-01-14 08:04:12,2026-01-14 08:04:14,Breakeven stop hit (protected capital)
84,NSE:NIFTY2611325700PE,LONG,PAPER,153.40,159.50,1300,+7930.00,+3.98%,+12415.00,+0.00,+9007.14,-,199420,2026-01-14 08:04:12,2026-01-14 08:04:13,Drop in percentage: 2.25% drop from peak profit (6.23% → 3.98%)
85,NSE:NIFTY2611325700PE,LONG,REAL,159.50,162.25,1240,+3410.00,+1.72%,+6262.00,+0.00,+4355.50,-,197780,2026-01-14 08:04:13,2026-01-14 08:04:14,Drop in percentage: 1.44% drop from peak profit (3.17% → 1.72%)
86,BSE:SENSEX2611483600PE,LONG,REAL,588.45,589.15,315,+220.50,+0.12%,+3276.00,+0.00,+1890.00,-,185361,2026-01-14 08:04:14,2026-01-14 08:04:14,Drop in percentage: 1.65% drop from peak profit (1.77% → 0.12%)
87,NSE:NIFTY2611325700PE,LONG,REAL,162.25,160.90,1220,-300.00,-0.83%,+1647.00,-1647.00,+884.50,-1647.00,197945,2026-01-14 08:04:14,2026-01-14 08:04:15,Breakeven stop hit (protected capital)
88,BSE:SENSEX2611483600PE,LONG,REAL,589.15,598.25,315,+2866.50,+1.54%,+5496.75,+0.00,+2427.47,-,185582,2026-01-14 08:04:14,2026-01-14 08:04:16,Drop in percentage: 1.42% drop from peak profit (2.96% → 1.54%)
89,NSE:NIFTY2611325700PE,LONG,REAL,160.90,165.60,1240,+5828.00,+2.92%,+9610.00,+0.00,+6274.40,-,199516,2026-01-14 08:04:15,2026-01-14 08:04:16,Drop in percentage: 1.90% drop from peak profit (4.82% → 2.92%)
90,NSE:BANKNIFTY26JAN59600PE,LONG,REAL,686.95,680.55,270,-300.00,-0.93%,+810.00,-1728.00,+400.50,-1728.00,185476,2026-01-14 08:04:16,2026-01-14 08:04:16,Breakeven stop hit (protected capital)
91,NSE:NIFTY2611325700PE,LONG,REAL,165.60,163.00,1200,-300.00,-1.57%,+2460.00,-3120.00,+2460.00,-3120.00,198720,2026-01-14 08:04:16,2026-01-14 08:04:16,Breakeven stop hit (protected capital)
92,BSE:SENSEX2611483600PE,LONG,REAL,598.25,592.90,315,-300.00,-0.89%,+2551.50,-1685.25,+2551.50,-1685.25,188448,2026-01-14 08:04:16,2026-01-14 08:04:16,Breakeven stop hit (protected capital)
93,BSE:SENSEX2611483600PE,LONG,REAL,592.90,584.65,315,-300.00,-1.39%,+0.00,-2598.75,-,-2598.75,186763,2026-01-14 08:04:16,2026-01-14 08:04:16,Hard stop loss hit
94,NSE:BANKNIFTY26JAN59600PE,LONG,PAPER,680.55,692.00,270,+3091.50,+1.68%,+5791.50,-108.00,+2215.69,-108.00,183748,2026-01-14 08:04:16,2026-01-14 08:04:18,Drop in percentage: 1.47% drop from peak profit (3.15% → 1.68%)
95,NSE:BANKNIFTY26JAN59600PE,LONG,REAL,692.00,718.20,270,+7074.00,+3.79%,+10206.00,+0.00,+4668.75,-,186840,2026-01-14 08:04:18,2026-01-14 08:04:19,Drop in percentage: 1.68% drop from peak profit (5.46% → 3.79%)
96,NSE:NIFTY2611325700PE,LONG,REAL,170.65,176.70,1160,+7018.00,+3.55%,+15718.00,-290.00,+7617.33,-290.00,197954,2026-01-14 08:04:18,2026-01-14 08:04:19,Drop in percentage: 4.39% drop from peak profit (7.94% → 3.55%)
97,BSE:SENSEX2611483600PE,LONG,REAL,613.50,631.45,315,+5654.25,+2.93%,+10883.25,-220.50,+5559.75,-220.50,193252,2026-01-14 08:04:18,2026-01-14 08:04:19,Drop in percentage: 2.71% drop from peak profit (5.63% → 2.93%)
98,NSE:NIFTY2611325700PE,LONG,REAL,176.70,185.25,1120,+9576.00,+4.84%,+17192.00,+0.00,+8568.00,-,197904,2026-01-14 08:04:19,2026-01-14 08:04:20,Drop in percentage: 3.85% drop from peak profit (8.69% → 4.84%)
99,BSE:SENSEX2611483600PE,LONG,REAL,631.45,630.00,315,-300.00,-0.23%,+0.00,-456.75,-,-456.75,198906,2026-01-14 08:04:19,2026-01-14 08:04:19,Hard stop loss hit
100,NSE:BANKNIFTY26JAN59600PE,LONG,REAL,718.20,716.40,270,-300.00,-0.25%,+0.00,-486.00,-,-486.00,193914,2026-01-14 08:04:19,2026-01-14 08:04:19,Hard stop loss hit
101,BSE:SENSEX2611483600PE,LONG,REAL,630.00,652.65,315,+7134.75,+3.60%,+13119.75,+0.00,+6630.75,-,198450,2026-01-14 08:04:19,2026-01-14 08:04:20,Drop in percentage: 3.02% drop from peak profit (6.61% → 3.60%)
102,NSE:BANKNIFTY26JAN59600PE,LONG,REAL,716.40,743.50,270,+7317.00,+3.78%,+9274.50,+0.00,+5589.00,-,193428,2026-01-14 08:04:19,2026-01-14 08:04:22,Drop in percentage: 1.01% drop from peak profit (4.79% → 3.78%)
103,NSE:NIFTY2611325700PE,LONG,REAL,185.25,188.25,1060,+3180.00,+1.62%,+5671.00,-106.00,+4425.50,-106.00,196365,2026-01-14 08:04:20,2026-01-14 08:04:21,Drop in percentage: 1.27% drop from peak profit (2.89% → 1.62%)
104,BSE:SENSEX2611483600PE,LONG,REAL,652.65,657.30,280,+1302.00,+0.71%,+3710.00,+0.00,+1778.00,-,182742,2026-01-14 08:04:20,2026-01-14 08:04:21,Drop in percentage: 1.32% drop from peak profit (2.03% → 0.71%)
105,NSE:NIFTY2611325700PE,LONG,REAL,188.25,186.25,1060,-300.00,-1.06%,+0.00,-2120.00,-,-2120.00,199545,2026-01-14 08:04:21,2026-01-14 08:04:21,Hard stop loss hit
106,NSE:NIFTY2611325700PE,LONG,REAL,186.25,191.30,1060,+5353.00,+2.71%,+9434.00,+0.00,+7006.60,-,197425,2026-01-14 08:04:21,2026-01-14 08:04:22,Drop in percentage: 2.07% drop from peak profit (4.78% → 2.71%)
107,BSE:SENSEX2611483600PE,LONG,REAL,657.30,673.35,280,+4494.00,+2.44%,+6580.00,+0.00,+4749.11,-,184044,2026-01-14 08:04:21,2026-01-14 08:04:23,Drop in percentage: 1.13% drop from peak profit (3.58% → 2.44%)
108,NSE:NIFTY2611325700PE,LONG,REAL,191.30,194.00,1040,+2808.00,+1.41%,+4836.00,+0.00,+3310.67,-,198952,2026-01-14 08:04:22,2026-01-14 08:04:22,Drop in percentage: 1.02% drop from peak profit (2.43% → 1.41%)
109,NSE:BANKNIFTY26JAN59600PE,LONG,REAL,743.50,744.60,240,+264.00,+0.15%,+2268.00,+0.00,+1244.00,-,178440,2026-01-14 08:04:22,2026-01-14 08:04:22,Drop in percentage: 1.12% drop from peak profit (1.27% → 0.15%)
110,NSE:NIFTY2611325700PE,LONG,REAL,194.00,192.30,1020,-300.00,-0.88%,+0.00,-1734.00,-,-1734.00,197880,2026-01-14 08:04:22,2026-01-14 08:04:22,Hard stop loss hit
111,NSE:BANKNIFTY26JAN59600PE,LONG,REAL,744.60,740.00,240,-300.00,-0.62%,+0.00,-1104.00,-,-1104.00,178704,2026-01-14 08:04:22,2026-01-14 08:04:23,Hard stop loss hit
112,NSE:NIFTY2611325700PE,LONG,REAL,192.30,189.80,1040,-2600.00,-1.30%,+832.00,-2600.00,+832.00,-2600.00,199992,2026-01-14 08:04:22,2026-01-14 08:04:23,Microstructure: Volume spike with price rejection
113,BSE:SENSEX2611483600PE,LONG,REAL,673.35,666.50,280,-300.00,-1.02%,+0.00,-1918.00,-,-1064.00,188538,2026-01-14 08:04:23,2026-01-14 08:04:23,Hard stop loss hit
114,NSE:BANKNIFTY26JAN59600PE,LONG,REAL,740.00,732.50,270,-300.00,-1.01%,+877.50,-2025.00,+857.25,-2025.00,199800,2026-01-14 08:04:23,2026-01-14 08:04:23,Breakeven stop hit (protected capital)
115,NSE:NIFTY2611325700PE,LONG,REAL,189.80,189.30,1040,-300.00,-0.26%,+0.00,-520.00,-,-520.00,197392,2026-01-14 08:04:23,2026-01-14 08:04:23,Hard stop loss hit
116,BSE:SENSEX2611483600PE,LONG,PAPER,666.50,663.55,280,-300.00,-0.44%,+1540.00,-826.00,+798.00,-826.00,186620,2026-01-14 08:04:23,2026-01-14 08:04:24,Breakeven stop hit (protected capital)
117,NSE:NIFTY2611325700PE,LONG,PAPER,189.30,189.05,1040,-260.00,-0.13%,+2184.00,-260.00,+2184.00,-260.00,196872,2026-01-14 08:04:23,2026-01-14 08:04:23,Microstructure: Volume spike with price rejection
118,NSE:FINNIFTY26JAN27600PE,LONG,PAPER,359.75,374.45,550,+8085.00,+4.09%,+15592.50,+0.00,+12518.85,-,197862,2026-01-14 08:04:23,2026-01-14 08:04:27,Drop in percentage: 3.79% drop from peak profit (7.88% → 4.09%)
119,NSE:NIFTY2611325700PE,LONG,PAPER,189.05,217.45,1040,+29536.00,+15.02%,+33852.00,+0.00,+17491.50,-,196612,2026-01-14 08:04:24,2026-01-14 08:04:27,Drop in percentage: 2.20% drop from peak profit (17.22% → 15.02%)
120,BSE:SENSEX2611483600PE,LONG,PAPER,699.00,734.75,280,+10010.00,+5.11%,+18746.00,-210.00,+12206.60,-210.00,195720,2026-01-14 08:04:25,2026-01-14 08:04:27,Drop in percentage: 4.46% drop from peak profit (9.58% → 5.11%)
121,NSE:NIFTY2611325700PE,LONG,REAL,217.45,209.05,900,-300.00,-3.86%,+0.00,-7560.00,-,-7560.00,195705,2026-01-14 08:04:27,2026-01-14 08:04:27,Hard stop loss hit
122,NSE:NIFTY2611325700PE,LONG,REAL,209.05,203.50,940,-300.00,-2.65%,+0.00,-5217.00,-,-5217.00,196507,2026-01-14 08:04:27,2026-01-14 08:04:27,Hard stop loss hit
123,BSE:SENSEX2611483600PE,LONG,REAL,734.75,720.65,245,-300.00,-1.92%,+0.00,-3454.50,-,-3454.50,180013,2026-01-14 08:04:27,2026-01-14 08:04:27,Hard stop loss hit
124,BSE:SENSEX2611483600PE,LONG,REAL,720.65,744.45,245,+5831.00,+3.30%,+8072.75,+0.00,+5617.85,-,176559,2026-01-14 08:04:27,2026-01-14 08:04:28,Drop in percentage: 1.27% drop from peak profit (4.57% → 3.30%)
125,NSE:BANKNIFTY26JAN59600PE,LONG,REAL,765.35,784.60,240,+4620.00,+2.52%,+6036.00,+0.00,+4360.50,-,183684,2026-01-14 08:04:27,2026-01-14 08:04:29,Microstructure: Volume spike with price rejection
126,NSE:NIFTY2611325700PE,LONG,REAL,214.20,212.55,920,-300.00,-0.77%,+0.00,-1518.00,-,-1518.00,197064,2026-01-14 08:04:28,2026-01-14 08:04:28,Hard stop loss hit
127,NSE:NIFTY2611325700PE,LONG,REAL,212.55,211.85,940,-300.00,-0.33%,+0.00,-658.00,-,-658.00,199797,2026-01-14 08:04:28,2026-01-14 08:04:28,Hard stop loss hit
128,BSE:SENSEX2611483600PE,LONG,REAL,744.45,740.15,245,-300.00,-0.58%,+1016.75,-1053.50,+1016.75,-606.38,182390,2026-01-14 08:04:28,2026-01-14 08:04:29,Breakeven stop hit (protected capital)
129,NSE:NIFTY2611325700PE,LONG,REAL,211.85,211.95,940,+94.00,+0.05%,+2350.00,+0.00,+1222.00,-,199139,2026-01-14 08:04:28,2026-01-14 08:04:29,Drop in percentage: 1.13% drop from peak profit (1.18% → 0.05%)
130,NSE:NIFTY2611325700PE,LONG,REAL,211.95,215.20,940,+3055.00,+1.53%,+5123.00,+0.00,+2180.80,-,199233,2026-01-14 08:04:29,2026-01-14 08:04:30,Drop in percentage: 1.04% drop from peak profit (2.57% → 1.53%)
131,BSE:SENSEX2611483600PE,LONG,REAL,740.15,754.40,245,+3491.25,+1.93%,+7386.75,+0.00,+3036.47,-,181336,2026-01-14 08:04:29,2026-01-14 08:04:30,Drop in percentage: 2.15% drop from peak profit (4.07% → 1.93%)
132,NSE:BANKNIFTY26JAN59600PE,LONG,REAL,784.60,782.75,240,-300.00,-0.24%,+0.00,-444.00,-,-444.00,188304,2026-01-14 08:04:29,2026-01-14 08:04:29,Hard stop loss hit
133,NSE:BANKNIFTY26JAN59600PE,LONG,REAL,782.75,791.90,240,+2196.00,+1.17%,+3660.00,+0.00,+2004.00,-,187860,2026-01-14 08:04:29,2026-01-14 08:04:30,Microstructure: Volume spike with price rejection
134,NSE:NIFTY2611325700PE,LONG,REAL,215.20,218.20,920,+2760.00,+1.39%,+5014.00,+0.00,+2944.00,-,197984,2026-01-14 08:04:30,2026-01-14 08:04:30,Drop in percentage: 1.14% drop from peak profit (2.53% → 1.39%)
135,NSE:BANKNIFTY26JAN59600PE,LONG,REAL,791.90,802.65,240,+2580.00,+1.36%,+5232.00,+0.00,+2888.00,-,190056,2026-01-14 08:04:30,2026-01-14 08:04:31,Drop in percentage: 1.40% drop from peak profit (2.75% → 1.36%)
136,NSE:NIFTY2611325700PE,LONG,REAL,218.20,212.75,900,-4905.00,-2.50%,+3690.00,-4905.00,+1867.50,-4905.00,196380,2026-01-14 08:04:30,2026-01-14 08:04:31,Microstructure: Volume spike with price rejection
137,BSE:SENSEX2611483600PE,LONG,REAL,754.40,744.75,245,-2364.25,-1.28%,+3858.75,-2364.25,+2532.69,-2364.25,184828,2026-01-14 08:04:30,2026-01-14 08:04:32,Microstructure: Volume spike with price rejection
138,NSE:BANKNIFTY26JAN59600PE,LONG,REAL,802.65,801.60,240,-252.00,-0.13%,+3300.00,-252.00,+2016.00,-252.00,192636,2026-01-14 08:04:31,2026-01-14 08:04:32,Breakeven stop hit (protected capital)
139,NSE:NIFTY2611325700PE,LONG,REAL,212.75,209.30,940,-300.00,-1.62%,+0.00,-3243.00,-,-3243.00,199985,2026-01-14 08:04:31,2026-01-14 08:04:32,Hard stop loss hit
140,BSE:SENSEX2611483600PE,LONG,REAL,744.75,735.55,245,-300.00,-1.24%,+0.00,-2254.00,-,-2254.00,182463,2026-01-14 08:04:32,2026-01-14 08:04:32,Hard stop loss hit
141,NSE:BANKNIFTY26JAN59600PE,LONG,PAPER,801.60,788.60,240,-3120.00,-1.62%,+0.00,-3120.00,-,-3120.00,192384,2026-01-14 08:04:32,2026-01-14 08:04:32,Microstructure: Volume spike with price rejection
142,NSE:FINNIFTY26JAN27600PE,LONG,PAPER,389.50,372.30,500,-8600.00,-4.42%,+0.00,-8600.00,-,-8600.00,194750,2026-01-14 08:04:32,2026-01-14 08:04:32,Microstructure: Volume spike with price rejection
143,NSE:BANKNIFTY26JAN59600PE,LONG,PAPER,788.60,779.70,240,-2136.00,-1.13%,+0.00,-2136.00,-,-2136.00,189264,2026-01-14 08:04:32,2026-01-14 08:04:32,Microstructure: Volume spike with price rejection
144,NSE:NIFTY2611325700PE,LONG,PAPER,205.00,210.10,960,+4896.00,+2.49%,+7680.00,+0.00,+5556.00,-,196800,2026-01-14 08:04:32,2026-01-14 08:04:33,Drop in percentage: 1.41% drop from peak profit (3.90% → 2.49%)
145,NSE:FINNIFTY26JAN27600PE,LONG,REAL,372.30,343.35,525,-15198.75,-7.78%,+0.00,-15198.75,-,-15198.75,195457,2026-01-14 08:04:33,2026-01-14 08:04:42,Microstructure: Volume spike with price rejection
146,NSE:FINNIFTY26JAN27600CE,LONG,REAL,177.75,220.60,1125,+48206.25,+24.11%,+52537.50,+0.00,+18356.71,-,199968,2026-01-14 08:04:34,2026-01-14 08:04:45,Drop in percentage: 2.17% drop from peak profit (26.27% → 24.11%)
147,NSE:NIFTY2611325700CE,LONG,REAL,16.75,16.60,11940,-300.00,-0.90%,+0.00,-1791.00,-,-1791.00,199995,2026-01-14 08:04:35,2026-01-14 08:04:35,Hard stop loss hit
148,NSE:NIFTY2611325700CE,LONG,REAL,16.60,16.55,12040,-300.00,-0.30%,+0.00,-602.00,-,-602.00,199864,2026-01-14 08:04:35,2026-01-14 08:04:36,Hard stop loss hit
149,NSE:NIFTY2611325700CE,LONG,REAL,16.55,16.70,12080,+1812.00,+0.91%,+4832.00,+0.00,+3422.67,-,199924,2026-01-14 08:04:36,2026-01-14 08:04:36,Drop in percentage: 1.51% drop from peak profit (2.42% → 0.91%)
150,NSE:NIFTY2611325700CE,LONG,REAL,16.70,16.90,11960,+2392.00,+1.20%,+4784.00,+0.00,+2990.00,-,199732,2026-01-14 08:04:36,2026-01-14 08:04:37,Drop in percentage: 1.20% drop from peak profit (2.40% → 1.20%)
151,NSE:NIFTY2611325700CE,LONG,REAL,16.90,17.35,11820,+5319.00,+2.66%,+11820.00,+0.00,+6501.00,-,199757,2026-01-14 08:04:37,2026-01-14 08:04:38,Drop in percentage: 3.25% drop from peak profit (5.92% → 2.66%)
152,NSE:NIFTY2611325700CE,LONG,REAL,17.35,17.00,11520,-300.00,-2.02%,+6336.00,-4032.00,+6336.00,-4032.00,199872,2026-01-14 08:04:38,2026-01-14 08:04:38,Breakeven stop hit (protected capital)
153,NSE:NIFTY2611325700CE,LONG,REAL,17.00,17.05,11760,+588.00,+0.29%,+3528.00,+0.00,+2352.00,-,199920,2026-01-14 08:04:38,2026-01-14 08:04:39,Drop in percentage: 1.47% drop from peak profit (1.76% → 0.29%)
154,NSE:NIFTY2611325700CE,LONG,REAL,17.60,17.80,11360,+2272.00,+1.14%,+5680.00,+0.00,+3976.00,-,199936,2026-01-14 08:04:39,2026-01-14 08:04:40,Drop in percentage: 1.70% drop from peak profit (2.84% → 1.14%)
155,NSE:NIFTY2611325700CE,LONG,REAL,17.80,19.70,11220,+21318.00,+10.67%,+24684.00,+0.00,+13624.29,-,199716,2026-01-14 08:04:40,2026-01-14 08:04:41,Drop in percentage: 1.69% drop from peak profit (12.36% → 10.67%)
156,NSE:NIFTY2611325700CE,LONG,REAL,19.70,19.35,10140,-300.00,-1.78%,+5070.00,-3549.00,+5070.00,-3549.00,199758,2026-01-14 08:04:41,2026-01-14 08:04:42,Breakeven stop hit (protected capital)
157,NSE:FINNIFTY26JAN27600PE,LONG,REAL,343.35,320.00,575,-13426.25,-6.80%,+0.00,-13426.25,-,-13426.25,197426,2026-01-14 08:04:42,2026-01-14 08:04:43,Microstructure: Volume spike with price rejection
158,NSE:NIFTY2611325700CE,LONG,REAL,19.35,19.25,10320,-300.00,-0.52%,+0.00,-1032.00,-,-1032.00,199692,2026-01-14 08:04:42,2026-01-14 08:04:42,Hard stop loss hit
159,BSE:SENSEX2611483600CE,LONG,PAPER,169.65,165.65,1155,-300.00,-2.36%,+0.00,-4620.00,-,-4620.00,195945,2026-01-14 08:04:42,2026-01-14 08:04:42,Hard stop loss hit
160,NSE:NIFTY2611325700CE,LONG,PAPER,20.55,36.65,9720,+156492.00,+78.35%,+159894.00,+0.00,+90298.80,-,199746,2026-01-14 08:04:43,2026-01-14 08:04:44,Drop in percentage: 1.70% drop from peak profit (80.05% → 78.35%)
161,NSE:FINNIFTY26JAN27600PE,LONG,PAPER,320.00,312.20,625,-300.00,-2.44%,+0.00,-4875.00,-,-4875.00,200000,2026-01-14 08:04:43,2026-01-14 08:04:44,Hard stop loss hit
162,NSE:FINNIFTY26JAN27600PE,LONG,PAPER,312.20,311.20,625,-625.00,-0.32%,+0.00,-625.00,-,-625.00,195125,2026-01-14 08:04:44,2026-01-14 08:04:45,Microstructure: Volume spike with price rejection
163,NSE:NIFTY2611325700PE,LONG,REAL,141.95,141.85,1400,-140.00,-0.07%,+3010.00,-140.00,+3010.00,-140.00,198729,2026-01-14 08:04:44,2026-01-14 08:04:44,Breakeven stop hit (protected capital)
164,NSE:BANKNIFTY26JAN59600PE,LONG,REAL,633.75,626.50,300,-300.00,-1.14%,+0.00,-2175.00,-,-2175.00,190125,2026-01-14 08:04:45,2026-01-14 08:04:45,Hard stop loss hit
165,NSE:FINNIFTY26JAN27600CE,LONG,REAL,220.60,243.20,900,+20340.00,+10.24%,+31905.00,+0.00,+25590.00,-,198540,2026-01-14 08:04:45,2026-01-14 08:04:46,Drop in percentage: 5.83% drop from peak profit (16.07% → 10.24%)
166,NSE:NIFTY2611325700CE,LONG,REAL,47.00,46.15,4240,-300.00,-1.81%,+0.00,-3604.00,-,-3604.00,199280,2026-01-14 08:04:45,2026-01-14 08:04:45,Hard stop loss hit
167,NSE:NIFTY2611325700CE,LONG,REAL,46.15,45.25,4320,-300.00,-1.95%,+0.00,-3888.00,-,-3888.00,199368,2026-01-14 08:04:45,2026-01-14 08:04:46,Hard stop loss hit
168,BSE:SENSEX2611483600CE,LONG,REAL,280.95,279.90,700,-300.00,-0.37%,+0.00,-735.00,-,-735.00,196665,2026-01-14 08:04:46,2026-01-14 08:04:46,Hard stop loss hit
169,NSE:NIFTY2611325700CE,LONG,PAPER,45.25,70.70,4400,+111980.00,+56.24%,+134640.00,+0.00,+67584.00,-,199100,2026-01-14 08:04:46,2026-01-14 08:04:47,Drop in percentage: 11.38% drop from peak profit (67.62% → 56.24%)
170,BSE:SENSEX2611483600CE,LONG,PAPER,279.90,360.20,700,+56210.00,+28.69%,+74200.00,+0.00,+35973.00,-,195929,2026-01-14 08:04:46,2026-01-14 08:04:47,Drop in percentage: 9.18% drop from peak profit (37.87% → 28.69%)
171,NSE:FINNIFTY26JAN27600CE,LONG,REAL,243.20,237.15,800,-300.00,-2.49%,+0.00,-4840.00,-,-4840.00,194560,2026-01-14 08:04:46,2026-01-14 08:04:47,Hard stop loss hit
172,NSE:FINNIFTY26JAN27600CE,LONG,REAL,237.15,255.00,825,+14726.25,+7.53%,+18851.25,+0.00,+17050.00,-,195648,2026-01-14 08:04:47,2026-01-14 08:04:49,Drop in percentage: 2.11% drop from peak profit (9.64% → 7.53%)
173,NSE:NIFTY2611325700CE,LONG,REAL,70.70,62.60,2820,-300.00,-11.46%,+0.00,-22842.00,-,-22842.00,199374,2026-01-14 08:04:47,2026-01-14 08:04:47,Hard stop loss hit
174,BSE:SENSEX2611483600CE,LONG,REAL,360.20,346.90,525,-300.00,-3.69%,+0.00,-6982.50,-,-6982.50,189105,2026-01-14 08:04:47,2026-01-14 08:04:47,Hard stop loss hit
175,NSE:NIFTY2611325700CE,LONG,REAL,62.60,68.30,3180,+18126.00,+9.11%,+27825.00,+0.00,+17251.50,-,199068,2026-01-14 08:04:47,2026-01-14 08:04:48,Drop in percentage: 4.87% drop from peak profit (13.98% → 9.11%)
176,BSE:SENSEX2611483600CE,LONG,REAL,346.90,331.65,560,-300.00,-4.40%,+0.00,-8540.00,-,-8540.00,194264,2026-01-14 08:04:47,2026-01-14 08:04:47,Hard stop loss hit
177,BSE:SENSEX2611483600CE,LONG,PAPER,331.65,357.65,595,+15470.00,+7.84%,+18891.25,+0.00,+16637.69,-,197331,2026-01-14 08:04:47,2026-01-14 08:04:48,Drop in percentage: 1.73% drop from peak profit (9.57% → 7.84%)
178,NSE:NIFTY2611325700CE,LONG,REAL,68.30,67.50,2920,-300.00,-1.17%,+0.00,-2336.00,-,-2336.00,199436,2026-01-14 08:04:48,2026-01-14 08:04:48,Hard stop loss hit
179,NSE:NIFTY2611325700CE,LONG,REAL,67.50,75.70,2960,+24272.00,+12.15%,+54316.00,+0.00,+31844.67,-,199800,2026-01-14 08:04:48,2026-01-14 08:04:50,Drop in percentage: 15.04% drop from peak profit (27.19% → 12.15%)
180,BSE:SENSEX2611483600CE,LONG,REAL,357.65,385.80,525,+14778.75,+7.87%,+31447.50,+0.00,+19442.50,-,187766,2026-01-14 08:04:48,2026-01-14 08:04:50,Drop in percentage: 8.88% drop from peak profit (16.75% → 7.87%)
181,NSE:FINNIFTY26JAN27600CE,LONG,REAL,255.00,240.00,775,-11625.00,-5.88%,+0.00,-11625.00,-,-11625.00,197625,2026-01-14 08:04:49,2026-01-14 08:04:49,Microstructure: Volume spike with price rejection
182,NSE:FINNIFTY26JAN27600CE,LONG,REAL,240.00,275.15,825,+28998.75,+14.65%,+31061.25,+0.00,+20858.75,-,198000,2026-01-14 08:04:49,2026-01-14 08:04:52,Drop in percentage: 1.04% drop from peak profit (15.69% → 14.65%)
183,NSE:NIFTY2611325700CE,LONG,REAL,75.70,68.65,2640,-300.00,-9.31%,+0.00,-18612.00,-,-18612.00,199848,2026-01-14 08:04:50,2026-01-14 08:04:50,Hard stop loss hit
184,BSE:SENSEX2611483600CE,LONG,REAL,385.80,367.95,490,-300.00,-4.63%,+0.00,-8746.50,-,-8746.50,189042,2026-01-14 08:04:50,2026-01-14 08:04:50,Hard stop loss hit
185,NSE:NIFTY2611325700CE,LONG,REAL,68.65,82.25,2900,+39440.00,+19.81%,+44080.00,+0.00,+25752.00,-,199085,2026-01-14 08:04:50,2026-01-14 08:04:51,Drop in percentage: 2.33% drop from peak profit (22.14% → 19.81%)
186,BSE:SENSEX2611483600CE,LONG,REAL,367.95,360.00,525,-300.00,-2.16%,+0.00,-4173.75,-,-4173.75,193173,2026-01-14 08:04:50,2026-01-14 08:04:50,Hard stop loss hit
187,BSE:SENSEX2611483600CE,LONG,PAPER,360.00,400.20,525,+21105.00,+11.17%,+25751.25,+0.00,+19929.00,-,189000,2026-01-14 08:04:50,2026-01-14 08:04:51,Drop in percentage: 2.46% drop from peak profit (13.63% → 11.17%)
188,NSE:BANKNIFTY26JAN59600CE,LONG,REAL,546.25,542.55,360,-300.00,-0.68%,+0.00,-1332.00,-,-1332.00,196650,2026-01-14 08:04:51,2026-01-14 08:04:51,Hard stop loss hit
189,BSE:SENSEX2611483600CE,LONG,REAL,400.20,454.15,490,+26435.50,+13.48%,+33344.50,+0.00,+21349.30,-,196098,2026-01-14 08:04:51,2026-01-14 08:04:52,Drop in percentage: 3.52% drop from peak profit (17.00% → 13.48%)
190,NSE:BANKNIFTY26JAN59600CE,LONG,REAL,542.55,606.80,360,+23130.00,+11.84%,+26514.00,+0.00,+17391.60,-,195317,2026-01-14 08:04:51,2026-01-14 08:04:53,Drop in percentage: 1.73% drop from peak profit (13.57% → 11.84%)
191,NSE:FINNIFTY26JAN27600CE,LONG,REAL,275.15,271.35,725,-300.00,-1.38%,+0.00,-2755.00,-,-2755.00,199483,2026-01-14 08:04:52,2026-01-14 08:04:52,Hard stop loss hit
192,NSE:FINNIFTY26JAN27600CE,LONG,REAL,271.35,275.40,725,+2936.25,+1.49%,+5872.50,+0.00,+5138.44,-,196728,2026-01-14 08:04:52,2026-01-14 08:04:53,Drop in percentage: 1.49% drop from peak profit (2.99% → 1.49%)
193,BSE:SENSEX2611483600CE,LONG,REAL,454.15,441.60,420,-300.00,-2.76%,+3969.00,-5271.00,+3969.00,-5271.00,190743,2026-01-14 08:04:52,2026-01-14 08:04:53,Breakeven stop hit (protected capital)
194,NSE:BANKNIFTY26JAN59600CE,LONG,REAL,606.80,600.25,300,-300.00,-1.08%,+930.00,-1965.00,+930.00,-1965.00,182040,2026-01-14 08:04:53,2026-01-14 08:04:53,Breakeven stop hit (protected capital)
195,BSE:SENSEX2611483600CE,LONG,REAL,441.60,465.40,420,+9996.00,+5.39%,+13566.00,+0.00,+10857.00,-,185472,2026-01-14 08:04:53,2026-01-14 08:04:54,Drop in percentage: 1.92% drop from peak profit (7.31% → 5.39%)
196,NSE:BANKNIFTY26JAN59600CE,LONG,REAL,600.25,600.00,330,-82.50,-0.04%,+5775.00,-82.50,+3803.25,-82.50,198082,2026-01-14 08:04:53,2026-01-14 08:04:54,Breakeven stop hit (protected capital)
197,NSE:FINNIFTY26JAN27600CE,LONG,REAL,275.40,274.40,725,-300.00,-0.36%,+0.00,-725.00,-,-725.00,199664,2026-01-14 08:04:53,2026-01-14 08:04:53,Hard stop loss hit
198,NSE:FINNIFTY26JAN27600CE,LONG,REAL,274.40,267.65,725,-4893.75,-2.46%,+0.00,-4893.75,-,-4893.75,198939,2026-01-14 08:04:53,2026-01-14 08:04:54,Microstructure: Volume spike with price rejection
199,NSE:NIFTY2611325700CE,LONG,REAL,94.75,88.70,2100,-300.00,-6.39%,+0.00,-12705.00,-,-12705.00,198975,2026-01-14 08:04:54,2026-01-14 08:04:54,Hard stop loss hit
200,BSE:SENSEX2611483600CE,LONG,REAL,465.40,444.65,420,-300.00,-4.46%,+0.00,-8715.00,-,-8715.00,195468,2026-01-14 08:04:54,2026-01-14 08:04:54,Hard stop loss hit
201,NSE:NIFTY2611325700CE,LONG,REAL,88.70,84.25,2240,-300.00,-5.02%,+0.00,-9968.00,-,-9968.00,198688,2026-01-14 08:04:54,2026-01-14 08:04:54,Hard stop loss hit
202,BSE:SENSEX2611483600CE,LONG,REAL,444.65,429.55,420,-300.00,-3.40%,+0.00,-6342.00,-,-6342.00,186753,2026-01-14 08:04:54,2026-01-14 08:04:54,Hard stop loss hit
203,NSE:BANKNIFTY26JAN59600CE,LONG,PAPER,600.00,587.50,330,-300.00,-2.08%,+0.00,-4125.00,-,-4125.00,198000,2026-01-14 08:04:54,2026-01-14 08:04:54,Hard stop loss hit
204,BSE:SENSEX2611483600CE,LONG,PAPER,429.55,422.25,455,-300.00,-1.70%,+1615.25,-3321.50,+1615.25,-3321.50,195445,2026-01-14 08:04:54,2026-01-14 08:04:55,Breakeven stop hit (protected capital)
205,NSE:BANKNIFTY26JAN59600CE,LONG,PAPER,587.50,585.70,330,-300.00,-0.31%,+0.00,-594.00,-,-594.00,193875,2026-01-14 08:04:54,2026-01-14 08:04:55,Hard stop loss hit
206,NSE:BANKNIFTY26JAN59600CE,LONG,PAPER,585.70,583.05,330,-300.00,-0.45%,+0.00,-874.50,-,-874.50,193281,2026-01-14 08:04:55,2026-01-14 08:04:55,Hard stop loss hit
207,NSE:BANKNIFTY26JAN59600CE,LONG,PAPER,583.05,580.00,330,-300.00,-0.52%,+1204.50,-1006.50,+1105.50,-1006.50,192406,2026-01-14 08:04:55,2026-01-14 08:04:56,Breakeven stop hit (protected capital)
208,NSE:FINNIFTY26JAN27600CE,LONG,PAPER,295.00,290.45,675,-300.00,-1.54%,+0.00,-3071.25,-,-3071.25,199125,2026-01-14 08:04:56,2026-01-14 08:04:56,Hard stop loss hit
209,NSE:BANKNIFTY26JAN59600CE,LONG,PAPER,580.00,643.30,330,+20889.00,+10.91%,+25063.50,+0.00,+14935.25,-,191400,2026-01-14 08:04:56,2026-01-14 08:04:57,Drop in percentage: 2.18% drop from peak profit (13.09% → 10.91%)
210,NSE:FINNIFTY26JAN27600CE,LONG,PAPER,290.45,284.90,675,-3746.25,-1.91%,+9011.25,-3746.25,+6674.06,-3746.25,196053,2026-01-14 08:04:56,2026-01-14 08:04:58,Microstructure: Volume spike with price rejection
211,NSE:NIFTY2611325700CE,LONG,PAPER,120.15,118.50,1660,-300.00,-1.37%,+0.00,-2739.00,-,-2739.00,199449,2026-01-14 08:04:56,2026-01-14 08:04:57,Hard stop loss hit
212,NSE:NIFTY2611325700CE,LONG,PAPER,118.50,110.60,1680,-300.00,-6.67%,+0.00,-13272.00,-,-13272.00,199080,2026-01-14 08:04:57,2026-01-14 08:04:57,Hard stop loss hit
213,NSE:NIFTY2611325700CE,LONG,PAPER,110.60,107.05,1800,-300.00,-3.21%,+0.00,-6390.00,-,-6390.00,199080,2026-01-14 08:04:57,2026-01-14 08:04:57,Hard stop loss hit
214,NSE:BANKNIFTY26JAN59600CE,LONG,REAL,643.30,621.70,300,-300.00,-3.36%,+0.00,-6480.00,-,-6480.00,192990,2026-01-14 08:04:57,2026-01-14 08:04:57,Hard stop loss hit
215,NSE:NIFTY2611325700CE,LONG,REAL,107.05,114.80,1860,+14415.00,+7.24%,+31527.00,+0.00,+19003.00,-,199113,2026-01-14 08:04:57,2026-01-14 08:04:58,Drop in percentage: 8.59% drop from peak profit (15.83% → 7.24%)
216,NSE:BANKNIFTY26JAN59600CE,LONG,REAL,621.70,642.65,300,+6285.00,+3.37%,+9405.00,+0.00,+6130.00,-,186510,2026-01-14 08:04:57,2026-01-14 08:04:58,Drop in percentage: 1.67% drop from peak profit (5.04% → 3.37%)
217,NSE:NIFTY2611325700CE,LONG,REAL,114.80,112.45,1740,-300.00,-2.05%,+0.00,-4089.00,-,-4089.00,199752,2026-01-14 08:04:58,2026-01-14 08:04:58,Hard stop loss hit
218,NSE:BANKNIFTY26JAN59600CE,LONG,REAL,642.65,639.35,300,-300.00,-0.51%,+0.00,-990.00,-,-990.00,192795,2026-01-14 08:04:58,2026-01-14 08:04:58,Hard stop loss hit
219,NSE:NIFTY2611325700CE,LONG,REAL,112.45,105.90,1760,-300.00,-5.82%,+0.00,-11528.00,-,-11528.00,197912,2026-01-14 08:04:58,2026-01-14 08:04:58,Hard stop loss hit
220,NSE:BANKNIFTY26JAN59600CE,LONG,REAL,639.35,626.70,300,-300.00,-1.98%,+0.00,-3795.00,-,-3795.00,191805,2026-01-14 08:04:58,2026-01-14 08:04:58,Hard stop loss hit
221,NSE:NIFTY2611325700CE,LONG,PAPER,105.90,104.15,1880,-300.00,-1.65%,+6862.00,-3290.00,+5781.00,-3290.00,199092,2026-01-14 08:04:58,2026-01-14 08:04:59,Breakeven stop hit (protected capital)
222,BSE:SENSEX2611483600CE,LONG,PAPER,502.65,488.95,385,-300.00,-2.73%,+2637.25,-5274.50,+1578.50,-5274.50,193520,2026-01-14 08:04:58,2026-01-14 08:04:59,Breakeven stop hit (protected capital)
223,NSE:BANKNIFTY26JAN59600CE,LONG,PAPER,626.70,615.40,300,-300.00,-1.80%,+1350.00,-3390.00,+772.50,-3390.00,188010,2026-01-14 08:04:58,2026-01-14 08:04:59,Breakeven stop hit (protected capital)
224,NSE:NIFTY2611325700CE,LONG,PAPER,104.15,107.00,1920,+5472.00,+2.74%,+10368.00,+0.00,+7920.00,-,199968,2026-01-14 08:04:59,2026-01-14 08:04:59,Drop in percentage: 2.45% drop from peak profit (5.18% → 2.74%)
225,BSE:SENSEX2611483600CE,LONG,PAPER,488.95,497.55,385,+3311.00,+1.76%,+7738.50,+0.00,+5524.75,-,188245,2026-01-14 08:04:59,2026-01-14 08:04:59,Drop in percentage: 2.35% drop from peak profit (4.11% → 1.76%)
226,NSE:BANKNIFTY26JAN59600CE,LONG,PAPER,615.40,615.35,300,-15.00,-0.01%,+2955.00,-15.00,+2955.00,-15.00,184620,2026-01-14 08:04:59,2026-01-14 08:05:00,Breakeven stop hit (protected capital)
227,BSE:SENSEX2611483600CE,LONG,REAL,497.55,490.60,385,-300.00,-1.40%,+0.00,-2675.75,-,-2675.75,191556,2026-01-14 08:04:59,2026-01-14 08:05:00,Hard stop loss hit
228,NSE:BANKNIFTY26JAN59600CE,LONG,REAL,615.35,607.75,300,-300.00,-1.24%,+0.00,-2280.00,-,-2280.00,184605,2026-01-14 08:05:00,2026-01-14 08:05:00,Hard stop loss hit
229,NSE:FINNIFTY26JAN27600CE,LONG,REAL,281.00,282.30,700,+910.00,+0.46%,+5600.00,+0.00,+3690.00,-,196700,2026-01-14 08:05:00,2026-01-14 08:05:04,Drop in percentage: 2.38% drop from peak profit (2.85% → 0.46%)
230,NSE:BANKNIFTY26JAN59600PE,LONG,REAL,488.10,484.10,390,-300.00,-0.82%,+117.00,-1560.00,+117.00,-1560.00,190359,2026-01-14 08:05:03,2026-01-14 08:05:03,Hard stop loss hit
231,NSE:BANKNIFTY26JAN59600CE,LONG,REAL,625.05,622.95,300,-300.00,-0.34%,+0.00,-630.00,-,-630.00,187515,2026-01-14 08:05:04,2026-01-14 08:05:04,Hard stop loss hit
232,NSE:BANKNIFTY26JAN59600CE,LONG,REAL,622.95,609.05,300,-300.00,-2.23%,+0.00,-4170.00,-,-2145.00,186885,2026-01-14 08:05:04,2026-01-14 08:05:05,Hard stop loss hit
233,NSE:NIFTY2611325700CE,LONG,REAL,97.95,93.20,2040,-9690.00,-4.85%,+0.00,-9690.00,-,-9690.00,199818,2026-01-14 08:05:04,2026-01-14 08:05:05,Microstructure: Volume spike with price rejection
234,BSE:SENSEX2611483600CE,LONG,REAL,485.85,468.10,385,-6833.75,-3.65%,+0.00,-6833.75,-,-6833.75,187052,2026-01-14 08:05:04,2026-01-14 08:05:05,Microstructure: Volume spike with price rejection
235,NSE:NIFTY2611325700CE,LONG,PAPER,93.20,86.60,2140,-14124.00,-7.08%,+0.00,-14124.00,-,-14124.00,199448,2026-01-14 08:05:05,2026-01-14 08:05:05,Microstructure: Volume spike with price rejection
236,BSE:SENSEX2611483600CE,LONG,PAPER,468.10,450.30,420,-300.00,-3.80%,+0.00,-7476.00,-,-7476.00,196602,2026-01-14 08:05:05,2026-01-14 08:05:05,Hard stop loss hit
237,NSE:FINNIFTY26JAN27600CE,LONG,PAPER,266.85,262.25,725,-300.00,-1.72%,+0.00,-3335.00,-,-3335.00,193466,2026-01-14 08:05:05,2026-01-14 08:05:05,Hard stop loss hit
238,NSE:NIFTY2611325700CE,LONG,PAPER,86.60,84.35,2300,-300.00,-2.60%,+0.00,-5175.00,-,-5175.00,199180,2026-01-14 08:05:05,2026-01-14 08:05:05,Hard stop loss hit
239,BSE:SENSEX2611483600CE,LONG,PAPER,450.30,438.65,420,-4893.00,-2.59%,+0.00,-4893.00,-,-4893.00,189126,2026-01-14 08:05:05,2026-01-14 08:05:05,Microstructure: Volume spike with price rejection
240,NSE:FINNIFTY26JAN27600CE,LONG,PAPER,262.25,261.50,750,-300.00,-0.29%,+0.00,-562.50,-,-562.50,196687,2026-01-14 08:05:05,2026-01-14 08:05:05,Hard stop loss hit
241,NSE:NIFTY2611325700CE,LONG,PAPER,84.35,75.65,2360,-300.00,-10.31%,+5074.00,-20532.00,+3540.00,-20532.00,199066,2026-01-14 08:05:05,2026-01-14 08:05:06,Breakeven stop hit (protected capital)
242,BSE:SENSEX2611483600CE,LONG,PAPER,438.65,409.55,455,-300.00,-6.63%,+1137.50,-13240.50,+887.25,-13240.50,199585,2026-01-14 08:05:05,2026-01-14 08:05:06,Breakeven stop hit (protected capital)
243,NSE:FINNIFTY26JAN27600CE,LONG,PAPER,261.50,285.30,750,+17850.00,+9.10%,+23625.00,+0.00,+13775.00,-,196125,2026-01-14 08:05:05,2026-01-14 08:05:10,Drop in percentage: 2.94% drop from peak profit (12.05% → 9.10%)
244,NSE:NIFTY2611325700CE,LONG,PAPER,75.65,97.00,2640,+56364.00,+28.22%,+59664.00,+0.00,+41404.00,-,199716,2026-01-14 08:05:06,2026-01-14 08:05:08,Drop in percentage: 1.65% drop from peak profit (29.87% → 28.22%)
245,BSE:SENSEX2611483600CE,LONG,PAPER,409.55,473.20,455,+28960.75,+15.54%,+31258.50,+0.00,+21836.21,-,186345,2026-01-14 08:05:06,2026-01-14 08:05:08,Drop in percentage: 1.23% drop from peak profit (16.77% → 15.54%)
246,NSE:BANKNIFTY26JAN59600CE,LONG,REAL,614.30,630.55,300,+4875.00,+2.65%,+7710.00,+0.00,+4477.50,-,184290,2026-01-14 08:05:09,2026-01-14 08:05:11,Drop in percentage: 1.54% drop from peak profit (4.18% → 2.65%)
247,NSE:NIFTY2611325700CE,LONG,REAL,100.95,97.95,1980,-300.00,-2.97%,+0.00,-5940.00,-,-5940.00,199881,2026-01-14 08:05:10,2026-01-14 08:05:10,Hard stop loss hit
248,NSE:NIFTY2611325700CE,LONG,REAL,97.95,101.60,2040,+7446.00,+3.73%,+15096.00,+0.00,+11424.00,-,199818,2026-01-14 08:05:10,2026-01-14 08:05:11,Drop in percentage: 3.83% drop from peak profit (7.55% → 3.73%)
249,NSE:FINNIFTY26JAN27600CE,LONG,REAL,285.30,285.30,700,+0.00,+0.00%,+6650.00,+0.00,+5592.22,-,199710,2026-01-14 08:05:10,2026-01-14 08:05:13,Microstructure: Volume spike with price rejection
250,NSE:NIFTY2611325700CE,LONG,REAL,101.60,97.35,1960,-300.00,-4.18%,+0.00,-8330.00,-,-4312.00,199136,2026-01-14 08:05:11,2026-01-14 08:05:11,Hard stop loss hit
251,NSE:BANKNIFTY26JAN59600CE,LONG,REAL,630.55,626.25,300,-300.00,-0.68%,+675.00,-1290.00,+675.00,-1290.00,189165,2026-01-14 08:05:11,2026-01-14 08:05:12,Breakeven stop hit (protected capital)
252,NSE:NIFTY2611325700CE,LONG,REAL,97.35,105.50,2040,+16626.00,+8.37%,+20604.00,-102.00,+16197.60,-102.00,198594,2026-01-14 08:05:11,2026-01-14 08:05:13,Drop in percentage: 2.00% drop from peak profit (10.37% → 8.37%)
253,NSE:BANKNIFTY26JAN59600CE,LONG,REAL,626.25,620.65,300,-300.00,-0.89%,+0.00,-1680.00,-,-1680.00,187875,2026-01-14 08:05:12,2026-01-14 08:05:12,Hard stop loss hit
254,NSE:BANKNIFTY26JAN59600CE,LONG,PAPER,620.65,633.85,300,+3960.00,+2.13%,+6405.00,+0.00,+5387.50,-,186195,2026-01-14 08:05:12,2026-01-14 08:05:13,Drop in percentage: 1.31% drop from peak profit (3.44% → 2.13%)
255,NSE:NIFTY2611325700CE,LONG,REAL,105.50,100.50,1880,-300.00,-4.74%,+0.00,-9400.00,-,-9400.00,198340,2026-01-14 08:05:13,2026-01-14 08:05:13,Hard stop loss hit
256,NSE:NIFTY2611325700CE,LONG,REAL,100.50,99.00,1980,-300.00,-1.49%,+0.00,-2970.00,-,-2970.00,198990,2026-01-14 08:05:13,2026-01-14 08:05:13,Hard stop loss hit
257,BSE:SENSEX2611483600CE,LONG,REAL,494.50,486.35,385,-300.00,-1.65%,+0.00,-3137.75,-,-3137.75,190382,2026-01-14 08:05:13,2026-01-14 08:05:13,Hard stop loss hit
258,NSE:BANKNIFTY26JAN59600CE,LONG,REAL,633.85,632.25,300,-300.00,-0.25%,+0.00,-480.00,-,-480.00,190155,2026-01-14 08:05:13,2026-01-14 08:05:14,Hard stop loss hit
259,NSE:NIFTY2611325700CE,LONG,PAPER,94.75,94.30,2100,-300.00,-0.47%,+4095.00,-945.00,+4095.00,-945.00,198975,2026-01-14 08:05:14,2026-01-14 08:05:14,Breakeven stop hit (protected capital)
260,NSE:BANKNIFTY26JAN59600CE,LONG,PAPER,609.40,607.80,300,-300.00,-0.26%,+0.00,-480.00,-,-480.00,182820,2026-01-14 08:05:15,2026-01-14 08:05:15,Hard stop loss hit
261,BSE:SENSEX2611483600PE,LONG,PAPER,351.65,353.55,560,+1064.00,+0.54%,+3416.00,+0.00,+2240.00,-,196924,2026-01-14 08:05:15,2026-01-14 08:05:15,Drop in percentage: 1.19% drop from peak profit (1.73% → 0.54%)
262,NSE:NIFTY2611325700PE,LONG,PAPER,73.95,72.60,2700,-300.00,-1.83%,+1350.00,-3645.00,+1350.00,-3645.00,199665,2026-01-14 08:05:15,2026-01-14 08:05:15,Breakeven stop hit (protected capital)
263,NSE:BANKNIFTY26JAN59600PE,LONG,PAPER,490.95,490.00,390,-300.00,-0.19%,+0.00,-370.50,-,-370.50,191470,2026-01-14 08:05:15,2026-01-14 08:05:15,Hard stop loss hit
264,BSE:SENSEX2611483600PE,LONG,REAL,353.55,348.75,560,-300.00,-1.36%,+0.00,-2688.00,-,-2688.00,197988,2026-01-14 08:05:15,2026-01-14 08:05:16,Hard stop loss hit
265,NSE:BANKNIFTY26JAN59600PE,LONG,REAL,490.00,487.70,390,-300.00,-0.47%,+0.00,-897.00,-,-507.00,191100,2026-01-14 08:05:15,2026-01-14 08:05:16,Hard stop loss hit
266,NSE:NIFTY2611325700PE,LONG,REAL,72.60,72.75,2740,+411.00,+0.21%,+3562.00,+0.00,+2237.67,-,198923,2026-01-14 08:05:15,2026-01-14 08:05:16,Drop in percentage: 1.58% drop from peak profit (1.79% → 0.21%)
267,BSE:SENSEX2611483600PE,LONG,REAL,348.75,348.35,560,-224.00,-0.11%,+2716.00,-224.00,+1932.00,-224.00,195300,2026-01-14 08:05:16,2026-01-14 08:05:16,Breakeven stop hit (protected capital)
268,BSE:SENSEX2611483600PE,LONG,REAL,348.35,343.00,560,-300.00,-1.54%,+0.00,-2996.00,-,-2996.00,195076,2026-01-14 08:05:16,2026-01-14 08:05:17,Hard stop loss hit
269,NSE:NIFTY2611325700PE,LONG,REAL,71.10,72.50,2800,+3920.00,+1.97%,+9520.00,+0.00,+5495.00,-,199079,2026-01-14 08:05:16,2026-01-14 08:05:18,Drop in percentage: 2.81% drop from peak profit (4.78% → 1.97%)
270,BSE:SENSEX2611483600PE,LONG,REAL,343.00,348.00,560,+2800.00,+1.46%,+4984.00,+0.00,+3318.00,-,192080,2026-01-14 08:05:17,2026-01-14 08:05:18,Drop in percentage: 1.14% drop from peak profit (2.59% → 1.46%)
271,NSE:BANKNIFTY26JAN59600PE,LONG,REAL,483.35,496.70,390,+5206.50,+2.76%,+10042.50,+0.00,+6309.87,-,188506,2026-01-14 08:05:17,2026-01-14 08:05:20,Drop in percentage: 2.57% drop from peak profit (5.33% → 2.76%)
272,NSE:NIFTY2611325700PE,LONG,REAL,72.50,71.55,2740,-300.00,-1.31%,+6850.00,-2603.00,+6850.00,-2603.00,198650,2026-01-14 08:05:18,2026-01-14 08:05:18,Breakeven stop hit (protected capital)
273,BSE:SENSEX2611483600PE,LONG,REAL,348.00,345.50,560,-300.00,-0.72%,+3360.00,-1400.00,+3360.00,-1400.00,194880,2026-01-14 08:05:18,2026-01-14 08:05:18,Breakeven stop hit (protected capital)
274,NSE:NIFTY2611325700PE,LONG,REAL,71.55,75.60,2780,+11259.00,+5.66%,+14873.00,+0.00,+13066.00,-,198909,2026-01-14 08:05:18,2026-01-14 08:05:19,Drop in percentage: 1.82% drop from peak profit (7.48% → 5.66%)
275,NSE:FINNIFTY26JAN27600CE,LONG,REAL,264.90,283.75,750,+14137.50,+7.12%,+25575.00,+0.00,+16932.35,-,198674,2026-01-14 08:05:18,2026-01-14 08:05:23,Drop in percentage: 5.76% drop from peak profit (12.87% → 7.12%)
276,NSE:NIFTY2611325700PE,LONG,REAL,75.60,76.85,2640,+3300.00,+1.65%,+8184.00,+0.00,+5742.00,-,199583,2026-01-14 08:05:19,2026-01-14 08:05:19,Drop in percentage: 2.45% drop from peak profit (4.10% → 1.65%)
277,NSE:NIFTY2611325700PE,LONG,REAL,76.85,69.20,2600,-19890.00,-9.95%,+4290.00,-19890.00,+2925.00,-19890.00,199809,2026-01-14 08:05:19,2026-01-14 08:05:20,Microstructure: Volume spike with price rejection
278,NSE:NIFTY2611325700CE,LONG,REAL,99.20,118.50,2000,+38600.00,+19.46%,+41800.00,+0.00,+27877.78,-,198400,2026-01-14 08:05:21,2026-01-14 08:05:23,Drop in percentage: 1.61% drop from peak profit (21.07% → 19.46%)
279,BSE:SENSEX2611483600CE,LONG,REAL,489.85,542.00,385,+20077.75,+10.65%,+23696.75,+0.00,+17469.37,-,188592,2026-01-14 08:05:21,2026-01-14 08:05:23,Drop in percentage: 1.92% drop from peak profit (12.57% → 10.65%)
280,NSE:NIFTY2611325700CE,LONG,REAL,118.50,115.15,1680,-300.00,-2.83%,+0.00,-5628.00,-,-5628.00,199080,2026-01-14 08:05:23,2026-01-14 08:05:23,Hard stop loss hit
281,NSE:FINNIFTY26JAN27600CE,LONG,REAL,283.75,288.00,700,+2975.00,+1.50%,+5600.00,+0.00,+3793.12,-,198625,2026-01-14 08:05:23,2026-01-14 08:05:26,Drop in percentage: 1.32% drop from peak profit (2.82% → 1.50%)
282,NSE:NIFTY2611325700CE,LONG,REAL,115.15,110.20,1720,-300.00,-4.30%,+0.00,-8514.00,-,-8514.00,198058,2026-01-14 08:05:23,2026-01-14 08:05:24,Hard stop loss hit
283,BSE:SENSEX2611483600CE,LONG,REAL,542.00,528.75,350,-300.00,-2.44%,+0.00,-4637.50,-,-4637.50,189700,2026-01-14 08:05:23,2026-01-14 08:05:24,Hard stop loss hit
284,NSE:NIFTY2611325700CE,LONG,REAL,110.20,105.20,1800,-300.00,-4.54%,+0.00,-9000.00,-,-9000.00,198360,2026-01-14 08:05:24,2026-01-14 08:05:24,Hard stop loss hit
